<?xml version="1.0" encoding="UTF-8"?>
<project-private xmlns="http://www.netbeans.org/ns/project-private/1">
    <editor-bookmarks xmlns="http://www.netbeans.org/ns/editor-bookmarks/2" lastBookmarkId="0"/>
    <open-files xmlns="http://www.netbeans.org/ns/projectui-open-files/2">
        <group>
            <file>file:/C:/Users/nickg/Desktop/Graphics2/Milestone1/src/framework/Main.java</file>
            <file>file:/C:/Users/nickg/Desktop/Graphics2/Milestone1/src/framework/CubeTexture.java</file>
            <file>file:/C:/Users/nickg/Desktop/Graphics2/Milestone1/src/framework/UnitSquare.java</file>
            <file>file:/C:/Users/nickg/Desktop/Graphics2/Milestone1/src/framework/Mesh.java</file>
            <file>file:/C:/Users/nickg/Desktop/Graphics2/Milestone1/src/framework/PowerUp.java</file>
            <file>file:/C:/Users/nickg/Desktop/Graphics2/Milestone1/src/framework/Framebuffer.java</file>
            <file>file:/C:/Users/nickg/Desktop/Graphics2/Milestone1/src/framework/ColorTexture.java</file>
            <file>file:/C:/Users/nickg/Desktop/Graphics2/Milestone1/src/framework/ImageCubeTexture.java</file>
            <file>file:/C:/Users/nickg/Desktop/Graphics2/Milestone1/src/framework/Texture2D.java</file>
            <file>file:/C:/Users/nickg/Desktop/Graphics2/Milestone1/src/framework/Texture.java</file>
            <file>file:/C:/Users/nickg/Desktop/Graphics2/Milestone1/src/framework/SolidTexture.java</file>
            <file>file:/C:/Users/nickg/Desktop/Graphics2/Milestone1/src/framework/ImageTexture.java</file>
            <file>file:/C:/Users/nickg/Desktop/Graphics2/Milestone1/src/framework/Program.java</file>
        </group>
    </open-files>
</project-private>
